<metadata xml:lang="en"><Esri><CreaDate>20140522</CreaDate><CreaTime>12364500</CreaTime><ArcGISFormat>1.0</ArcGISFormat><SyncOnce>FALSE</SyncOnce><DataProperties><itemProps><itemName Sync="TRUE">Bamako_Road_Network</itemName><imsContentType Sync="TRUE">002</imsContentType><itemLocation><linkage Sync="TRUE">file://\\ocha_mali\share\09_Information Management\12_GIS Data\1201_Data\Working Folder\Thematic data\Road_network_MINUSMA\Bamako_Road_Network.shp</linkage><protocol Sync="TRUE">Local Area Network</protocol></itemLocation><nativeExtBox><westBL Sync="TRUE">-8.086759</westBL><eastBL Sync="TRUE">-7.854169</eastBL><southBL Sync="TRUE">12.483602</southBL><northBL Sync="TRUE">12.728599</northBL><exTypeCode Sync="TRUE">1</exTypeCode></nativeExtBox><itemSize Sync="TRUE">6.830</itemSize></itemProps><coordRef><type Sync="TRUE">Geographic</type><geogcsn Sync="TRUE">GCS_WGS_1984</geogcsn><csUnits Sync="TRUE">Angular Unit: Degree (0.017453)</csUnits><peXml Sync="TRUE">&lt;GeographicCoordinateSystem xsi:type='typens:GeographicCoordinateSystem' xmlns:xsi='http://www.w3.org/2001/XMLSchema-instance' xmlns:xs='http://www.w3.org/2001/XMLSchema' xmlns:typens='http://www.esri.com/schemas/ArcGIS/10.1'&gt;&lt;WKT&gt;GEOGCS[&amp;quot;GCS_WGS_1984&amp;quot;,DATUM[&amp;quot;D_WGS_1984&amp;quot;,SPHEROID[&amp;quot;WGS_1984&amp;quot;,6378137.0,298.257223563]],PRIMEM[&amp;quot;Greenwich&amp;quot;,0.0],UNIT[&amp;quot;Degree&amp;quot;,0.0174532925199433],AUTHORITY[&amp;quot;EPSG&amp;quot;,4326]]&lt;/WKT&gt;&lt;XOrigin&gt;-400&lt;/XOrigin&gt;&lt;YOrigin&gt;-400&lt;/YOrigin&gt;&lt;XYScale&gt;11258999068426.238&lt;/XYScale&gt;&lt;ZOrigin&gt;-100000&lt;/ZOrigin&gt;&lt;ZScale&gt;10000&lt;/ZScale&gt;&lt;MOrigin&gt;-100000&lt;/MOrigin&gt;&lt;MScale&gt;10000&lt;/MScale&gt;&lt;XYTolerance&gt;8.983152841195215e-009&lt;/XYTolerance&gt;&lt;ZTolerance&gt;0.001&lt;/ZTolerance&gt;&lt;MTolerance&gt;0.001&lt;/MTolerance&gt;&lt;HighPrecision&gt;true&lt;/HighPrecision&gt;&lt;LeftLongitude&gt;-180&lt;/LeftLongitude&gt;&lt;WKID&gt;4326&lt;/WKID&gt;&lt;LatestWKID&gt;4326&lt;/LatestWKID&gt;&lt;/GeographicCoordinateSystem&gt;</peXml></coordRef><lineage><Process ToolSource="c:\program files (x86)\arcgis\desktop10.2\ArcToolbox\Toolboxes\Data Management Tools.tbx\CalculateField" Date="20140508" Time="134843">CalculateField c_city_sma.DBADMIN.RoadL rtt 17 VB #</Process><Process ToolSource="c:\program files (x86)\arcgis\desktop10.2\ArcToolbox\Toolboxes\Data Management Tools.tbx\CalculateField" Date="20140508" Time="142944">CalculateField c_city_sma.DBADMIN.RoadL rtt 15 VB #</Process><Process ToolSource="c:\program files (x86)\arcgis\desktop10.2\ArcToolbox\Toolboxes\Data Management Tools.tbx\CalculateField" Date="20140508" Time="143123">CalculateField c_city_sma.DBADMIN.RoadL rtt 19 VB #</Process><Process ToolSource="c:\program files (x86)\arcgis\desktop10.2\ArcToolbox\Toolboxes\Data Management Tools.tbx\CalculateField" Date="20140508" Time="143540">CalculateField c_city_sma.DBADMIN.RoadL rtt 18 VB #</Process><Process ToolSource="c:\program files (x86)\arcgis\desktop10.2\ArcToolbox\Toolboxes\Data Management Tools.tbx\CalculateField" Date="20140508" Time="143753">CalculateField c_city_sma.DBADMIN.RoadL rtt 15 VB #</Process><Process ToolSource="c:\program files (x86)\arcgis\desktop10.2\ArcToolbox\Toolboxes\Data Management Tools.tbx\CalculateField" Date="20140508" Time="143821">CalculateField c_city_sma.DBADMIN.RoadL rtt 15 VB #</Process><Process ToolSource="c:\program files (x86)\arcgis\desktop10.2\ArcToolbox\Toolboxes\Data Management Tools.tbx\CalculateField" Date="20140509" Time="095727">CalculateField c_city_sma.DBADMIN.RoadL rtt 18 VB #</Process><Process ToolSource="c:\program files (x86)\arcgis\desktop10.2\ArcToolbox\Toolboxes\Data Management Tools.tbx\CalculateField" Date="20140509" Time="100024">CalculateField c_city_sma.DBADMIN.RoadL rtt 18 VB #</Process><Process ToolSource="c:\program files (x86)\arcgis\desktop10.2\ArcToolbox\Toolboxes\Data Management Tools.tbx\CalculateField" Date="20140509" Time="100307">CalculateField c_city_sma.DBADMIN.RoadL rtt 18 VB #</Process><Process ToolSource="c:\program files (x86)\arcgis\desktop10.2\ArcToolbox\Toolboxes\Data Management Tools.tbx\CalculateField" Date="20140509" Time="100447">CalculateField c_city_sma.DBADMIN.RoadL rtt 18 VB #</Process><Process ToolSource="c:\program files (x86)\arcgis\desktop10.2\ArcToolbox\Toolboxes\Data Management Tools.tbx\CalculateField" Date="20140509" Time="101815">CalculateField c_city_sma.DBADMIN.RoadL nam "RN17" VB #</Process><Process ToolSource="c:\program files (x86)\arcgis\desktop10.2\ArcToolbox\Toolboxes\Data Management Tools.tbx\CalculateField" Date="20140509" Time="155306">CalculateField "Road and Rail Network" COMMENTS "BAMAKO" VB #</Process><Process ToolSource="c:\program files (x86)\arcgis\desktop10.2\ArcToolbox\Toolboxes\Data Management Tools.tbx\CalculateField" Date="20140512" Time="085554">CalculateField Gao_RoadL COMMENTS "GAO" VB #</Process><Process ToolSource="c:\program files (x86)\arcgis\desktop10.2\ArcToolbox\Toolboxes\Data Management Tools.tbx\CalculateField" Date="20140512" Time="085913">CalculateField Gao_RoadL COMMENTS "GAO" VB #</Process><Process ToolSource="c:\program files (x86)\arcgis\desktop10.2\ArcToolbox\Toolboxes\Data Management Tools.tbx\CalculateField" Date="20140512" Time="102552">CalculateField 1,128\Timbuktu_RoadL COMMENTS "TIMBUKTU" VB #</Process><Process ToolSource="c:\program files (x86)\arcgis\desktop10.2\ArcToolbox\Toolboxes\Data Management Tools.tbx\CalculateField" Date="20140512" Time="103554">CalculateField Timbuktu_RoadL COMMENTS "TIMBUKTU" VB #</Process><Process ToolSource="c:\program files (x86)\arcgis\desktop10.2\ArcToolbox\Toolboxes\Data Management Tools.tbx\CalculateField" Date="20140512" Time="103633">CalculateField Timbuktu_RoadL COUNTRY_CODE "MLI" VB #</Process><Process ToolSource="c:\program files (x86)\arcgis\desktop10.2\ArcToolbox\Toolboxes\Data Management Tools.tbx\CalculateField" Date="20140512" Time="114347">CalculateField Kid_RoadL COMMENTS "KIDAL" VB #</Process><Process ToolSource="c:\program files (x86)\arcgis\desktop10.2\ArcToolbox\Toolboxes\Data Management Tools.tbx\CalculateField" Date="20140512" Time="161345">CalculateField Kid_RoadL COMMENTS "KIDAL" VB #</Process><Process ToolSource="c:\program files (x86)\arcgis\desktop10.2\ArcToolbox\Toolboxes\Data Management Tools.tbx\CalculateField" Date="20140513" Time="090331">CalculateField c_city_sma.DBADMIN.RoadL rtt 18 VB #</Process><Process ToolSource="c:\program files (x86)\arcgis\desktop10.2\ArcToolbox\Toolboxes\Data Management Tools.tbx\CalculateField" Date="20140513" Time="090548">CalculateField 4,514\c_city_sma.DBADMIN.RoadL rtt 18 VB #</Process><Process ToolSource="c:\program files (x86)\arcgis\desktop10.2\ArcToolbox\Toolboxes\Data Management Tools.tbx\CalculateField" Date="20140513" Time="090710">CalculateField 4,514\c_city_sma.DBADMIN.RoadL rtt 18 VB #</Process><Process ToolSource="c:\program files (x86)\arcgis\desktop10.2\ArcToolbox\Toolboxes\Data Management Tools.tbx\CalculateField" Date="20140513" Time="092025">CalculateField c_city_sma.DBADMIN.RoadL COMMENTS "ANSONGO" VB #</Process><Process ToolSource="c:\program files (x86)\arcgis\desktop10.2\ArcToolbox\Toolboxes\Data Management Tools.tbx\CalculateField" Date="20140513" Time="094220">CalculateField c_city_sma.DBADMIN.RoadL rtt 18 VB #</Process><Process ToolSource="c:\program files (x86)\arcgis\desktop10.2\ArcToolbox\Toolboxes\Data Management Tools.tbx\CalculateField" Date="20140513" Time="094330">CalculateField c_city_sma.DBADMIN.RoadL rtt 18 VB #</Process><Process ToolSource="c:\program files (x86)\arcgis\desktop10.2\ArcToolbox\Toolboxes\Data Management Tools.tbx\CalculateField" Date="20140513" Time="094407">CalculateField c_city_sma.DBADMIN.RoadL rtt 18 VB #</Process><Process ToolSource="c:\program files (x86)\arcgis\desktop10.2\ArcToolbox\Toolboxes\Data Management Tools.tbx\CalculateField" Date="20140513" Time="094440">CalculateField c_city_sma.DBADMIN.RoadL rtt 18 VB #</Process><Process ToolSource="c:\program files (x86)\arcgis\desktop10.2\ArcToolbox\Toolboxes\Data Management Tools.tbx\CalculateField" Date="20140513" Time="100010">CalculateField c_city_sma.DBADMIN.RoadL rtt 18 VB #</Process><Process ToolSource="c:\program files (x86)\arcgis\desktop10.2\ArcToolbox\Toolboxes\Data Management Tools.tbx\CalculateField" Date="20140513" Time="103024">CalculateField c_city_sma.DBADMIN.RoadL rtt 18 VB #</Process><Process ToolSource="c:\program files (x86)\arcgis\desktop10.2\ArcToolbox\Toolboxes\Data Management Tools.tbx\CalculateField" Date="20140513" Time="103139">CalculateField c_city_sma.DBADMIN.RoadL rtt 18 VB #</Process><Process ToolSource="c:\program files (x86)\arcgis\desktop10.2\ArcToolbox\Toolboxes\Data Management Tools.tbx\CalculateField" Date="20140513" Time="103827">CalculateField c_city_sma.DBADMIN.RoadL rtt 18 VB #</Process><Process ToolSource="c:\program files (x86)\arcgis\desktop10.2\ArcToolbox\Toolboxes\Data Management Tools.tbx\CalculateField" Date="20140513" Time="135331">CalculateField c_city_sma.DBADMIN.RoadL rtt 18
 VB #</Process><Process ToolSource="c:\program files (x86)\arcgis\desktop10.2\ArcToolbox\Toolboxes\Data Management Tools.tbx\CalculateField" Date="20140513" Time="135919">CalculateField c_city_sma.DBADMIN.RoadL rtt 18
 VB #</Process><Process ToolSource="c:\program files (x86)\arcgis\desktop10.2\ArcToolbox\Toolboxes\Data Management Tools.tbx\CalculateField" Date="20140513" Time="145215">CalculateField c_city_sma.DBADMIN.RoadL COMMENTS "TESSALIT" VB #</Process><Process ToolSource="c:\program files (x86)\arcgis\desktop10.2\ArcToolbox\Toolboxes\Data Management Tools.tbx\CalculateField" Date="20140514" Time="133804">CalculateField "Road and Rail Network" COMMENTS "BAMAKO" VB #</Process><Process ToolSource="c:\program files (x86)\arcgis\desktop10.2\ArcToolbox\Toolboxes\Data Management Tools.tbx\CalculateField" Date="20140514" Time="160631">CalculateField Gao_RoadL COMMENTS "GAO" VB #</Process><Process ToolSource="c:\program files (x86)\arcgis\desktop10.2\ArcToolbox\Toolboxes\Data Management Tools.tbx\CalculateField" Date="20140514" Time="162151">CalculateField Timbuktu_RoadL COMMENTS "TIMBUKTU" VB #</Process><Process ToolSource="c:\program files (x86)\arcgis\desktop10.2\ArcToolbox\Toolboxes\Data Management Tools.tbx\CalculateField" Date="20140520" Time="084757">CalculateField c_city_sma.DBADMIN.RoadL COMMENTS "MENAKA" VB #</Process><Process ToolSource="c:\program files (x86)\arcgis\desktop10.2\ArcToolbox\Toolboxes\Data Management Tools.tbx\CalculateField" Date="20140520" Time="091521">CalculateField c_city_sma.DBADMIN.RoadL rtt 18 VB #</Process><Process ToolSource="c:\program files (x86)\arcgis\desktop10.2\ArcToolbox\Toolboxes\Data Management Tools.tbx\CalculateField" Date="20140521" Time="154805">CalculateField c_city_sma.DBADMIN.RoadL rtt 18 VB #</Process><Process ToolSource="c:\program files (x86)\arcgis\desktop10.2\ArcToolbox\Toolboxes\Data Management Tools.tbx\CalculateField" Date="20140521" Time="160449">CalculateField c_city_sma.DBADMIN.RoadL COMMENTS "BOUREM" VB #</Process></lineage></DataProperties><SyncDate>20140910</SyncDate><SyncTime>10542900</SyncTime><ModDate>20140910</ModDate><ModTime>10542900</ModTime><ArcGISstyle>ISO 19139 Metadata Implementation Specification</ArcGISstyle></Esri><dataIdInfo><envirDesc Sync="TRUE">Microsoft Windows 7 Version 6.1 (Build 7601) Service Pack 1; Esri ArcGIS 10.1.0.3035</envirDesc><dataLang><languageCode value="eng" Sync="TRUE"/><countryCode value="USA" Sync="TRUE"/></dataLang><idCitation><resTitle Sync="TRUE">Bamako_Road_Network</resTitle><presForm><PresFormCd value="005" Sync="TRUE"/></presForm></idCitation><spatRpType><SpatRepTypCd value="001" Sync="TRUE"/></spatRpType><dataExt><vertEle><vertMinVal Sync="TRUE">0.000000</vertMinVal><vertMaxVal Sync="TRUE">0.000000</vertMaxVal></vertEle><geoEle/></dataExt><dataExt><geoEle><GeoBndBox esriExtentType="search"><exTypeCode Sync="TRUE">1</exTypeCode><westBL Sync="TRUE">-8.086759</westBL><eastBL Sync="TRUE">-7.854169</eastBL><northBL Sync="TRUE">12.728599</northBL><southBL Sync="TRUE">12.483602</southBL></GeoBndBox></geoEle></dataExt></dataIdInfo><mdLang><languageCode value="eng" Sync="TRUE"/><countryCode value="USA" Sync="TRUE"/></mdLang><distInfo><distFormat><formatName Sync="TRUE">Shapefile</formatName></distFormat><distTranOps><transSize Sync="TRUE">6.830</transSize></distTranOps></distInfo><mdHrLv><ScopeCd value="005" Sync="TRUE"/></mdHrLv><mdHrLvName Sync="TRUE">dataset</mdHrLvName><refSysInfo><RefSystem><refSysID><identCode code="4326" Sync="TRUE" value="4326"/><idCodeSpace Sync="TRUE">EPSG</idCodeSpace><idVersion Sync="TRUE">7.9.4</idVersion></refSysID></RefSystem></refSysInfo><spatRepInfo><VectSpatRep><geometObjs Name="Bamako_Road_Network"><geoObjTyp><GeoObjTypCd value="002" Sync="TRUE"></GeoObjTypCd></geoObjTyp><geoObjCnt Sync="TRUE">8170</geoObjCnt></geometObjs><topLvl><TopoLevCd value="001" Sync="TRUE"></TopoLevCd></topLvl></VectSpatRep></spatRepInfo><spdoinfo><direct Sync="TRUE">Vector</direct><ptvctinf><esriterm Name="Bamako_Road_Network"><efeatyp Sync="TRUE">Simple</efeatyp><efeageom code="3" Sync="TRUE"></efeageom><esritopo Sync="TRUE">FALSE</esritopo><efeacnt Sync="TRUE">8170</efeacnt><spindex Sync="TRUE">TRUE</spindex><linrefer Sync="TRUE">TRUE</linrefer></esriterm></ptvctinf></spdoinfo><eainfo><detailed Name="Bamako_Road_Network"><enttyp><enttypl Sync="TRUE">Bamako_Road_Network</enttypl><enttypt Sync="TRUE">Feature Class</enttypt><enttypc Sync="TRUE">8170</enttypc></enttyp><attr><attrlabl Sync="TRUE">OBJECTID</attrlabl><attalias Sync="TRUE">OBJECTID</attalias><attrtype Sync="TRUE">Double</attrtype><attwidth Sync="TRUE">10</attwidth><atprecis Sync="TRUE">10</atprecis><attscale Sync="TRUE">0</attscale><attrdef Sync="TRUE">Internal feature number.</attrdef><attrdefs Sync="TRUE">Esri</attrdefs><attrdomv><udom Sync="TRUE">Sequential unique whole numbers that are automatically generated.</udom></attrdomv></attr><attr><attrlabl Sync="TRUE">FID</attrlabl><attalias Sync="TRUE">FID</attalias><attrtype Sync="TRUE">OID</attrtype><attwidth Sync="TRUE">4</attwidth><atprecis Sync="TRUE">0</atprecis><attscale Sync="TRUE">0</attscale><attrdef Sync="TRUE">Internal feature number.</attrdef><attrdefs Sync="TRUE">Esri</attrdefs><attrdomv><udom Sync="TRUE">Sequential unique whole numbers that are automatically generated.</udom></attrdomv></attr><attr><attrlabl Sync="TRUE">nam</attrlabl><attalias Sync="TRUE">nam</attalias><attrtype Sync="TRUE">String</attrtype><attwidth Sync="TRUE">254</attwidth><atprecis Sync="TRUE">0</atprecis><attscale Sync="TRUE">0</attscale></attr><attr><attrlabl Sync="TRUE">COMMENTS</attrlabl><attalias Sync="TRUE">COMMENTS</attalias><attrtype Sync="TRUE">String</attrtype><attwidth Sync="TRUE">254</attwidth><atprecis Sync="TRUE">0</atprecis><attscale Sync="TRUE">0</attscale></attr><attr><attrlabl Sync="TRUE">SHAPE</attrlabl><attalias Sync="TRUE">Shape</attalias><attrtype Sync="TRUE">Geometry</attrtype><attwidth Sync="TRUE">0</attwidth><atprecis Sync="TRUE">0</atprecis><attscale Sync="TRUE">0</attscale><attrdef Sync="TRUE">Feature geometry.</attrdef><attrdefs Sync="TRUE">Esri</attrdefs><attrdomv><udom Sync="TRUE">Coordinates defining the features.</udom></attrdomv></attr><subtype><stname Sync="TRUE">RoadLine</stname><stcode Sync="TRUE">0</stcode><stfield><stfldnm Sync="TRUE">FCsubtype</stfldnm><stflddv Sync="TRUE">0</stflddv></stfield><stfield><stfldnm Sync="TRUE">f_code</stfldnm><stflddv Sync="TRUE">AP030</stflddv><stflddd><domname Sync="TRUE">Urban_AP030</domname><domdesc Sync="TRUE">Fcode</domdesc><domtype Sync="TRUE">Coded Value</domtype><mrgtype Sync="TRUE">Default value</mrgtype><splttype Sync="TRUE">Duplicate</splttype><domowner Sync="TRUE">DBADMIN</domowner><domfldtp Sync="TRUE">String</domfldtp></stflddd></stfield><stfield><stfldnm Sync="TRUE">acc</stfldnm><stflddv Sync="TRUE">1</stflddv><stflddd><domname Sync="TRUE">Urban_Acc</domname><domdesc Sync="TRUE">acc</domdesc><domtype Sync="TRUE">Coded Value</domtype><mrgtype Sync="TRUE">Default value</mrgtype><splttype Sync="TRUE">Duplicate</splttype><domowner Sync="TRUE">DBADMIN</domowner><domfldtp Sync="TRUE">Integer</domfldtp></stflddd></stfield><stfield><stfldnm Sync="TRUE">exs</stfldnm><stflddv Sync="TRUE">28</stflddv><stflddd><domname Sync="TRUE">Urban_Roadl_exs</domname><domdesc Sync="TRUE">exs</domdesc><domtype Sync="TRUE">Coded Value</domtype><mrgtype Sync="TRUE">Default value</mrgtype><splttype Sync="TRUE">Duplicate</splttype><domowner Sync="TRUE">DBADMIN</domowner><domfldtp Sync="TRUE">Integer</domfldtp></stflddd></stfield><stfield><stfldnm Sync="TRUE">loc</stfldnm><stflddv Sync="TRUE">8</stflddv><stflddd><domname Sync="TRUE">Urban_Roadl_loc</domname><domdesc Sync="TRUE">loc</domdesc><domtype Sync="TRUE">Coded Value</domtype><mrgtype Sync="TRUE">Default value</mrgtype><splttype Sync="TRUE">Duplicate</splttype><domowner Sync="TRUE">DBADMIN</domowner><domfldtp Sync="TRUE">Integer</domfldtp></stflddd></stfield><stfield><stfldnm Sync="TRUE">ltn</stfldnm><stflddv Sync="TRUE">0</stflddv></stfield><stfield><stfldnm Sync="TRUE">med</stfldnm><stflddv Sync="TRUE">2</stflddv><stflddd><domname Sync="TRUE">Urban_Roadl_med</domname><domdesc Sync="TRUE">med</domdesc><domtype Sync="TRUE">Coded Value</domtype><mrgtype Sync="TRUE">Default value</mrgtype><splttype Sync="TRUE">Duplicate</splttype><domowner Sync="TRUE">DBADMIN</domowner><domfldtp Sync="TRUE">Integer</domfldtp></stflddd></stfield><stfield><stfldnm Sync="TRUE">nam</stfldnm><stflddv Sync="TRUE">UNK</stflddv></stfield><stfield><stfldnm Sync="TRUE">nfi</stfldnm><stflddv Sync="TRUE">-32768</stflddv></stfield><stfield><stfldnm Sync="TRUE">nfn</stfldnm><stflddv Sync="TRUE">-32768</stflddv></stfield><stfield><stfldnm Sync="TRUE">rst</stfldnm><stflddv Sync="TRUE">0</stflddv><stflddd><domname Sync="TRUE">Urban_Roadl_rst</domname><domdesc Sync="TRUE">rst</domdesc><domtype Sync="TRUE">Coded Value</domtype><mrgtype Sync="TRUE">Default value</mrgtype><splttype Sync="TRUE">Duplicate</splttype><domowner Sync="TRUE">DBADMIN</domowner><domfldtp Sync="TRUE">Integer</domfldtp></stflddd></stfield><stfield><stfldnm Sync="TRUE">rtn</stfldnm><stflddv Sync="TRUE">UNK</stflddv></stfield><stfield><stfldnm Sync="TRUE">rtt</stfldnm><stflddv Sync="TRUE">0</stflddv><stflddd><domname Sync="TRUE">Urban_Roadl_rtt_1</domname><domdesc Sync="TRUE">rtt</domdesc><domtype Sync="TRUE">Coded Value</domtype><mrgtype Sync="TRUE">Default value</mrgtype><splttype Sync="TRUE">Duplicate</splttype><domowner Sync="TRUE">DBADMIN</domowner><domfldtp Sync="TRUE">Integer</domfldtp></stflddd></stfield><stfield><stfldnm Sync="TRUE">tuc</stfldnm><stflddv Sync="TRUE">4</stflddv><stflddd><domname Sync="TRUE">Urban_Roadl_tuc</domname><domdesc Sync="TRUE">tuc</domdesc><domtype Sync="TRUE">Coded Value</domtype><mrgtype Sync="TRUE">Default value</mrgtype><splttype Sync="TRUE">Duplicate</splttype><domowner Sync="TRUE">DBADMIN</domowner><domfldtp Sync="TRUE">Integer</domfldtp></stflddd></stfield><stfield><stfldnm Sync="TRUE">use_</stfldnm><stflddv Sync="TRUE">0</stflddv><stflddd><domname Sync="TRUE">Urban_Roadl_use</domname><domdesc Sync="TRUE">use</domdesc><domtype Sync="TRUE">Coded Value</domtype><mrgtype Sync="TRUE">Default value</mrgtype><splttype Sync="TRUE">Duplicate</splttype><domowner Sync="TRUE">DBADMIN</domowner><domfldtp Sync="TRUE">Integer</domfldtp></stflddd></stfield><stfield><stfldnm Sync="TRUE">wd1</stfldnm><stflddv Sync="TRUE">0</stflddv></stfield><stfield><stfldnm Sync="TRUE">wtc</stfldnm><stflddv Sync="TRUE">1</stflddv><stflddd><domname Sync="TRUE">Urban_Roadl_wtc</domname><domdesc Sync="TRUE">wtc</domdesc><domtype Sync="TRUE">Coded Value</domtype><mrgtype Sync="TRUE">Default value</mrgtype><splttype Sync="TRUE">Duplicate</splttype><domowner Sync="TRUE">DBADMIN</domowner><domfldtp Sync="TRUE">Integer</domfldtp></stflddd></stfield><stfield><stfldnm Sync="TRUE">ACE</stfldnm><stflddv Sync="TRUE">-32768</stflddv></stfield><stfield><stfldnm Sync="TRUE">ACE_EVAL_METHOD_CD</stfldnm><stflddv Sync="TRUE">FZD</stflddv><stflddd><domname Sync="TRUE">URBAN_CD_ACE_EVAL_METHOD_CD</domname><domdesc Sync="TRUE">metadata</domdesc><domtype Sync="TRUE">Coded Value</domtype><mrgtype Sync="TRUE">Default value</mrgtype><splttype Sync="TRUE">Duplicate</splttype><domowner Sync="TRUE">DBADMIN</domowner><domfldtp Sync="TRUE">String</domfldtp></stflddd></stfield><stfield><stfldnm Sync="TRUE">ALE</stfldnm><stflddv Sync="TRUE">-32768</stflddv></stfield><stfield><stfldnm Sync="TRUE">ALE_EVAL_METHOD_CD</stfldnm><stflddv Sync="TRUE">FZD</stflddv><stflddd><domname Sync="TRUE">URBAN_CD_ALE_EVAL_METHOD_CD</domname><domdesc Sync="TRUE">metadata</domdesc><domtype Sync="TRUE">Coded Value</domtype><mrgtype Sync="TRUE">Default value</mrgtype><splttype Sync="TRUE">Duplicate</splttype><domowner Sync="TRUE">DBADMIN</domowner><domfldtp Sync="TRUE">String</domfldtp></stflddd></stfield><stfield><stfldnm Sync="TRUE">COMM_CPYRT_NOTICE</stfldnm><stflddv Sync="TRUE">N/A</stflddv></stfield><stfield><stfldnm Sync="TRUE">COMM_LIC_TIER_NOTICE</stfldnm><stflddv Sync="TRUE">N/A</stflddv></stfield><stfield><stfldnm Sync="TRUE">COUNTRY_CODE</stfldnm><stflddd><domname Sync="TRUE">URBAN_CD_COUNTRY_CODES</domname><domdesc Sync="TRUE">metadata</domdesc><domtype Sync="TRUE">Coded Value</domtype><mrgtype Sync="TRUE">Default value</mrgtype><splttype Sync="TRUE">Duplicate</splttype><domowner Sync="TRUE">DBADMIN</domowner><domfldtp Sync="TRUE">String</domfldtp></stflddd></stfield><stfield><stfldnm Sync="TRUE">ORIGINATING_SOURCE</stfldnm><stflddd><domname Sync="TRUE">URBAN_CD_ORIGINATING_SOURCE</domname><domdesc Sync="TRUE">metadata</domdesc><domtype Sync="TRUE">Coded Value</domtype><mrgtype Sync="TRUE">Default value</mrgtype><splttype Sync="TRUE">Duplicate</splttype><domowner Sync="TRUE">DBADMIN</domowner><domfldtp Sync="TRUE">String</domfldtp></stflddd></stfield><stfield><stfldnm Sync="TRUE">UPDATE_SOURCE</stfldnm><stflddd><domname Sync="TRUE">URBAN_CD_UPDATE_SOURCE</domname><domdesc Sync="TRUE">metadata</domdesc><domtype Sync="TRUE">Coded Value</domtype><mrgtype Sync="TRUE">Default value</mrgtype><splttype Sync="TRUE">Duplicate</splttype><domowner Sync="TRUE">DBADMIN</domowner><domfldtp Sync="TRUE">String</domfldtp></stflddd></stfield><stfield><stfldnm Sync="TRUE">SEC_CLASS</stfldnm><stflddd><domname Sync="TRUE">URBAN_CD_SEC_CLASS</domname><domdesc Sync="TRUE">metadata</domdesc><domtype Sync="TRUE">Coded Value</domtype><mrgtype Sync="TRUE">Default value</mrgtype><splttype Sync="TRUE">Duplicate</splttype><domowner Sync="TRUE">DBADMIN</domowner><domfldtp Sync="TRUE">String</domfldtp></stflddd></stfield><stfield><stfldnm Sync="TRUE">SPEC_ID</stfldnm><stflddd><domname Sync="TRUE">URBAN_CD_SPEC_ID</domname><domdesc Sync="TRUE">metadata</domdesc><domtype Sync="TRUE">Coded Value</domtype><mrgtype Sync="TRUE">Default value</mrgtype><splttype Sync="TRUE">Duplicate</splttype><domowner Sync="TRUE">DBADMIN</domowner><domfldtp Sync="TRUE">String</domfldtp></stflddd></stfield><stfield><stfldnm Sync="TRUE">Z_VALUE_TYPE</stfldnm><stflddd><domname Sync="TRUE">URBAN_CD_Z_VAULE_TYPE</domname><domdesc Sync="TRUE">metadata</domdesc><domtype Sync="TRUE">Coded Value</domtype><mrgtype Sync="TRUE">Default value</mrgtype><splttype Sync="TRUE">Duplicate</splttype><domowner Sync="TRUE">DBADMIN</domowner><domfldtp Sync="TRUE">String</domfldtp></stflddd></stfield></subtype><attr><attrlabl Sync="TRUE">SHAPE_STLe</attrlabl><attalias Sync="TRUE">SHAPE_STLe</attalias><attrtype Sync="TRUE">Double</attrtype><attwidth Sync="TRUE">19</attwidth><atprecis Sync="TRUE">0</atprecis><attscale Sync="TRUE">0</attscale></attr></detailed></eainfo><mdDateSt Sync="TRUE">20140909</mdDateSt><mdChar><CharSetCd value="004" Sync="TRUE"></CharSetCd></mdChar><idinfo><descript><abstract>The geodata represents the roads network in bamako Mali</abstract><langdata>English (United States)</langdata><purpose>To support the work of humanitarian actors across multiple sectors.</purpose></descript><ptcontac><cntinfo><cntperp><cntorg>UN OCHA MALI</cntorg><cntper>Arik Darmawati</cntper></cntperp><cntpos>darmawati@un.org</cntpos></cntinfo></ptcontac><accconst></accconst><useconst></useconst><datacred>MINUSMA GIS Section and UNOCHA MALI</datacred><natvform>Line</natvform><citation><citeinfo><title></title><pubdate>09/10/2014</pubdate><pubtime>10:39</pubtime><pubinfo/><serinfo/><lworkcit><citeinfo><title></title><pubdate></pubdate><pubinfo/><serinfo/></citeinfo></lworkcit><onlink Sync="TRUE">file://\\ocha_mali\share\09_Information Management\12_GIS Data\1201_Data\Working Folder\Thematic data\Road_network_MINUSMA\Bamako_Road_Network.shp</onlink></citeinfo></citation><native Sync="TRUE">Microsoft Windows 7 Version 6.1 (Build 7601) Service Pack 1; Esri ArcGIS 10.1.0.3035</native><spdom><bounding><westbc Sync="TRUE">-8.08675875399996</westbc><eastbc Sync="TRUE">-7.85416925799996</eastbc><northbc Sync="TRUE">12.728598602</northbc><southbc Sync="TRUE">12.483602311</southbc></bounding></spdom></idinfo><metainfo><langmeta Sync="TRUE">en</langmeta><metd Sync="TRUE">20140910</metd></metainfo><spref><horizsys><cordsysn><geogcsn Sync="TRUE">GCS_WGS_1984</geogcsn></cordsysn><geodetic><horizdn Sync="TRUE">D_WGS_1984</horizdn><ellips Sync="TRUE">WGS_1984</ellips><semiaxis Sync="TRUE">6378137</semiaxis></geodetic></horizsys></spref></metadata>
